Workbook

Sheet 賃金計算期間
A1: 賃金計算期間 | B1: R8.1 | C1: R8.2 | D1: R8.3
A2: 労働日数 | B2: =COUNTIF('R8.1'!F4:F34,">0")&"日" | C2: =COUNTIF('R8.2'!F4:F31,">0")&"日" | D2: =COUNTIF('R8.3'!F4:F34,">0")&"日"
A3: 労働時間数 | B3: =SUM('R8.1'!F4:F34) | C3: =SUM('R8.2'!F4:F31) | D3: =SUM('R8.3'!F4:F34)
A4: 休日労働時間数 | B4: =SUM('R8.1'!G4:G34) | C4: =SUM('R8.2'!G4:G31) | D4: =SUM('R8.3'!G4:G34)
A5: 時間外労働時間数 | B5: =SUM('R8.1'!H4:H34) | C5: =SUM('R8.2'!H4:H31) | D5: =SUM('R8.3'!H4:H34)
A6: 深夜労働時間数 | B6: =SUM('R8.1'!I4:I34) | C6: =SUM('R8.2'!I4:I31) | D6: =SUM('R8.3'!I4:I34)

Sheet R8.1
A1: 出勤簿 R8.1 (2026年1月)
A2: ※ 緑色セル(始業・終業)を編集すると 休憩・労働時間・残業・深夜・合計が自動再計算されます
A3: 日付 | B3: 曜日 | C3: 始業 | D3: 終業 | E3: 休憩 | F3: 労働時間 | G3: 休日労働時間 | H3: 時間外労働時間 | I3: 深夜労働時間 | J3: 備考 | K3: 週開始(月)
A4: 46023 | B4: =TEXT(A4,"aaa") | E4: =IFERROR(IF(D4-C4>TIME(9,0,0),TIME(1,0,0),IF(D4-C4>TIME(6,0,0),TIME(0,45,0),0)),0) | F4: =IFERROR(IF(OR(C4="",D4="",D4<=C4),0,D4-C4-E4),0) | G4: 0 | H4: =IFERROR(MIN(F4,MAX(0,SUMIFS(F$4:F4,K$4:K4,K4)-TIME(0,0,0)-40/24)),0) | I4: =IFERROR(IF(F4=0,0,MAX(0,MIN(D4,29/24)-MAX(C4,22/24))),0) | J4: 元日 | K4: =IFERROR(A4-WEEKDAY(A4,2)+1,"")
A5: 46024 | B5: =TEXT(A5,"aaa") | C5: 0.29166667 | D5: 0.59375 | E5: =IFERROR(IF(D5-C5>TIME(9,0,0),TIME(1,0,0),IF(D5-C5>TIME(6,0,0),TIME(0,45,0),0)),0) | F5: =IFERROR(IF(OR(C5="",D5="",D5<=C5),0,D5-C5-E5),0) | G5: 0 | H5: =IFERROR(MIN(F5,MAX(0,SUMIFS(F$4:F5,K$4:K5,K5)-TIME(0,0,0)-40/24)),0) | I5: =IFERROR(IF(F5=0,0,MAX(0,MIN(D5,29/24)-MAX(C5,22/24))),0) | K5: =IFERROR(A5-WEEKDAY(A5,2)+1,"")
A6: 46025 | B6: =TEXT(A6,"aaa") | C6: 0.29166667 | D6: 0.59375 | E6: =IFERROR(IF(D6-C6>TIME(9,0,0),TIME(1,0,0),IF(D6-C6>TIME(6,0,0),TIME(0,45,0),0)),0) | F6: =IFERROR(IF(OR(C6="",D6="",D6<=C6),0,D6-C6-E6),0) | G6: 0 | H6: =IFERROR(MIN(F6,MAX(0,SUMIFS(F$4:F6,K$4:K6,K6)-TIME(0,0,0)-40/24)),0) | I6: =IFERROR(IF(F6=0,0,MAX(0,MIN(D6,29/24)-MAX(C6,22/24))),0) | K6: =IFERROR(A6-WEEKDAY(A6,2)+1,"")
A7: 46026 | B7: =TEXT(A7,"aaa") | E7: =IFERROR(IF(D7-C7>TIME(9,0,0),TIME(1,0,0),IF(D7-C7>TIME(6,0,0),TIME(0,45,0),0)),0) | F7: =IFERROR(IF(OR(C7="",D7="",D7<=C7),0,D7-C7-E7),0) | G7: 0 | H7: =IFERROR(MIN(F7,MAX(0,SUMIFS(F$4:F7,K$4:K7,K7)-TIME(0,0,0)-40/24)),0) | I7: =IFERROR(IF(F7=0,0,MAX(0,MIN(D7,29/24)-MAX(C7,22/24))),0) | J7: 日曜 | K7: =IFERROR(A7-WEEKDAY(A7,2)+1,"")
A8: 46027 | B8: =TEXT(A8,"aaa") | C8: 0.29166667 | D8: 0.64583333 | E8: =IFERROR(IF(D8-C8>TIME(9,0,0),TIME(1,0,0),IF(D8-C8>TIME(6,0,0),TIME(0,45,0),0)),0) | F8: =IFERROR(IF(OR(C8="",D8="",D8<=C8),0,D8-C8-E8),0) | G8: 0 | H8: =IFERROR(MIN(F8,MAX(0,SUMIFS(F$4:F8,K$4:K8,K8)-TIME(0,0,0)-40/24)),0) | I8: =IFERROR(IF(F8=0,0,MAX(0,MIN(D8,29/24)-MAX(C8,22/24))),0) | K8: =IFERROR(A8-WEEKDAY(A8,2)+1,"")
A9: 46028 | B9: =TEXT(A9,"aaa") | C9: 0.29166667 | D9: 0.64583333 | E9: =IFERROR(IF(D9-C9>TIME(9,0,0),TIME(1,0,0),IF(D9-C9>TIME(6,0,0),TIME(0,45,0),0)),0) | F9: =IFERROR(IF(OR(C9="",D9="",D9<=C9),0,D9-C9-E9),0) | G9: 0 | H9: =IFERROR(MIN(F9,MAX(0,SUMIFS(F$4:F9,K$4:K9,K9)-TIME(0,0,0)-40/24)),0) | I9: =IFERROR(IF(F9=0,0,MAX(0,MIN(D9,29/24)-MAX(C9,22/24))),0) | K9: =IFERROR(A9-WEEKDAY(A9,2)+1,"")
A10: 46029 | B10: =TEXT(A10,"aaa") | C10: 0.29166667 | D10: 0.64583333 | E10: =IFERROR(IF(D10-C10>TIME(9,0,0),TIME(1,0,0),IF(D10-C10>TIME(6,0,0),TIME(0,45,0),0)),0) | F10: =IFERROR(IF(OR(C10="",D10="",D10<=C10),0,D10-C10-E10),0) | G10: 0 | H10: =IFERROR(MIN(F10,MAX(0,SUMIFS(F$4:F10,K$4:K10,K10)-TIME(0,0,0)-40/24)),0) | I10: =IFERROR(IF(F10=0,0,MAX(0,MIN(D10,29/24)-MAX(C10,22/24))),0) | K10: =IFERROR(A10-WEEKDAY(A10,2)+1,"")
A11: 46030 | B11: =TEXT(A11,"aaa") | C11: 0.29166667 | D11: 0.64583333 | E11: =IFERROR(IF(D11-C11>TIME(9,0,0),TIME(1,0,0),IF(D11-C11>TIME(6,0,0),TIME(0,45,0),0)),0) | F11: =IFERROR(IF(OR(C11="",D11="",D11<=C11),0,D11-C11-E11),0) | G11: 0 | H11: =IFERROR(MIN(F11,MAX(0,SUMIFS(F$4:F11,K$4:K11,K11)-TIME(0,0,0)-40/24)),0) | I11: =IFERROR(IF(F11=0,0,MAX(0,MIN(D11,29/24)-MAX(C11,22/24))),0) | K11: =IFERROR(A11-WEEKDAY(A11,2)+1,"")
A12: 46031 | B12: =TEXT(A12,"aaa") | C12: 0.29166667 | D12: 0.64583333 | E12: =IFERROR(IF(D12-C12>TIME(9,0,0),TIME(1,0,0),IF(D12-C12>TIME(6,0,0),TIME(0,45,0),0)),0) | F12: =IFERROR(IF(OR(C12="",D12="",D12<=C12),0,D12-C12-E12),0) | G12: 0 | H12: =IFERROR(MIN(F12,MAX(0,SUMIFS(F$4:F12,K$4:K12,K12)-TIME(0,0,0)-40/24)),0) | I12: =IFERROR(IF(F12=0,0,MAX(0,MIN(D12,29/24)-MAX(C12,22/24))),0) | K12: =IFERROR(A12-WEEKDAY(A12,2)+1,"")
A13: 46032 | B13: =TEXT(A13,"aaa") | C13: 0.29166667 | D13: 0.64583333 | E13: =IFERROR(IF(D13-C13>TIME(9,0,0),TIME(1,0,0),IF(D13-C13>TIME(6,0,0),TIME(0,45,0),0)),0) | F13: =IFERROR(IF(OR(C13="",D13="",D13<=C13),0,D13-C13-E13),0) | G13: 0 | H13: =IFERROR(MIN(F13,MAX(0,SUMIFS(F$4:F13,K$4:K13,K13)-TIME(0,0,0)-40/24)),0) | I13: =IFERROR(IF(F13=0,0,MAX(0,MIN(D13,29/24)-MAX(C13,22/24))),0) | K13: =IFERROR(A13-WEEKDAY(A13,2)+1,"")
A14: 46033 | B14: =TEXT(A14,"aaa") | E14: =IFERROR(IF(D14-C14>TIME(9,0,0),TIME(1,0,0),IF(D14-C14>TIME(6,0,0),TIME(0,45,0),0)),0) | F14: =IFERROR(IF(OR(C14="",D14="",D14<=C14),0,D14-C14-E14),0) | G14: 0 | H14: =IFERROR(MIN(F14,MAX(0,SUMIFS(F$4:F14,K$4:K14,K14)-TIME(0,0,0)-40/24)),0) | I14: =IFERROR(IF(F14=0,0,MAX(0,MIN(D14,29/24)-MAX(C14,22/24))),0) | J14: 日曜 | K14: =IFERROR(A14-WEEKDAY(A14,2)+1,"")
A15: 46034 | B15: =TEXT(A15,"aaa") | E15: =IFERROR(IF(D15-C15>TIME(9,0,0),TIME(1,0,0),IF(D15-C15>TIME(6,0,0),TIME(0,45,0),0)),0) | F15: =IFERROR(IF(OR(C15="",D15="",D15<=C15),0,D15-C15-E15),0) | G15: 0 | H15: =IFERROR(MIN(F15,MAX(0,SUMIFS(F$4:F15,K$4:K15,K15)-TIME(0,0,0)-40/24)),0) | I15: =IFERROR(IF(F15=0,0,MAX(0,MIN(D15,29/24)-MAX(C15,22/24))),0) | J15: 成人の日 | K15: =IFERROR(A15-WEEKDAY(A15,2)+1,"")
A16: 46035 | B16: =TEXT(A16,"aaa") | C16: 0.29166667 | D16: 0.59375 | E16: =IFERROR(IF(D16-C16>TIME(9,0,0),TIME(1,0,0),IF(D16-C16>TIME(6,0,0),TIME(0,45,0),0)),0) | F16: =IFERROR(IF(OR(C16="",D16="",D16<=C16),0,D16-C16-E16),0) | G16: 0 | H16: =IFERROR(MIN(F16,MAX(0,SUMIFS(F$4:F16,K$4:K16,K16)-TIME(0,0,0)-40/24)),0) | I16: =IFERROR(IF(F16=0,0,MAX(0,MIN(D16,29/24)-MAX(C16,22/24))),0) | K16: =IFERROR(A16-WEEKDAY(A16,2)+1,"")
A17: 46036 | B17: =TEXT(A17,"aaa") | C17: 0.29166667 | D17: 0.59375 | E17: =IFERROR(IF(D17-C17>TIME(9,0,0),TIME(1,0,0),IF(D17-C17>TIME(6,0,0),TIME(0,45,0),0)),0) | F17: =IFERROR(IF(OR(C17="",D17="",D17<=C17),0,D17-C17-E17),0) | G17: 0 | H17: =IFERROR(MIN(F17,MAX(0,SUMIFS(F$4:F17,K$4:K17,K17)-TIME(0,0,0)-40/24)),0) | I17: =IFERROR(IF(F17=0,0,MAX(0,MIN(D17,29/24)-MAX(C17,22/24))),0) | K17: =IFERROR(A17-WEEKDAY(A17,2)+1,"")
A18: 46037 | B18: =TEXT(A18,"aaa") | C18: 0.29166667 | D18: 0.59375 | E18: =IFERROR(IF(D18-C18>TIME(9,0,0),TIME(1,0,0),IF(D18-C18>TIME(6,0,0),TIME(0,45,0),0)),0) | F18: =IFERROR(IF(OR(C18="",D18="",D18<=C18),0,D18-C18-E18),0) | G18: 0 | H18: =IFERROR(MIN(F18,MAX(0,SUMIFS(F$4:F18,K$4:K18,K18)-TIME(0,0,0)-40/24)),0) | I18: =IFERROR(IF(F18=0,0,MAX(0,MIN(D18,29/24)-MAX(C18,22/24))),0) | K18: =IFERROR(A18-WEEKDAY(A18,2)+1,"")
A19: 46038 | B19: =TEXT(A19,"aaa") | C19: 0.29166667 | D19: 0.59375 | E19: =IFERROR(IF(D19-C19>TIME(9,0,0),TIME(1,0,0),IF(D19-C19>TIME(6,0,0),TIME(0,45,0),0)),0) | F19: =IFERROR(IF(OR(C19="",D19="",D19<=C19),0,D19-C19-E19),0) | G19: 0 | H19: =IFERROR(MIN(F19,MAX(0,SUMIFS(F$4:F19,K$4:K19,K19)-TIME(0,0,0)-40/24)),0) | I19: =IFERROR(IF(F19=0,0,MAX(0,MIN(D19,29/24)-MAX(C19,22/24))),0) | K19: =IFERROR(A19-WEEKDAY(A19,2)+1,"")
A20: 46039 | B20: =TEXT(A20,"aaa") | C20: 0.29166667 | D20: 0.59375 | E20: =IFERROR(IF(D20-C20>TIME(9,0,0),TIME(1,0,0),IF(D20-C20>TIME(6,0,0),TIME(0,45,0),0)),0) | F20: =IFERROR(IF(OR(C20="",D20="",D20<=C20),0,D20-C20-E20),0) | G20: 0 | H20: =IFERROR(MIN(F20,MAX(0,SUMIFS(F$4:F20,K$4:K20,K20)-TIME(0,0,0)-40/24)),0) | I20: =IFERROR(IF(F20=0,0,MAX(0,MIN(D20,29/24)-MAX(C20,22/24))),0) | K20: =IFERROR(A20-WEEKDAY(A20,2)+1,"")
A21: 46040 | B21: =TEXT(A21,"aaa") | E21: =IFERROR(IF(D21-C21>TIME(9,0,0),TIME(1,0,0),IF(D21-C21>TIME(6,0,0),TIME(0,45,0),0)),0) | F21: =IFERROR(IF(OR(C21="",D21="",D21<=C21),0,D21-C21-E21),0) | G21: 0 | H21: =IFERROR(MIN(F21,MAX(0,SUMIFS(F$4:F21,K$4:K21,K21)-TIME(0,0,0)-40/24)),0) | I21: =IFERROR(IF(F21=0,0,MAX(0,MIN(D21,29/24)-MAX(C21,22/24))),0) | J21: 日曜 | K21: =IFERROR(A21-WEEKDAY(A21,2)+1,"")
A22: 46041 | B22: =TEXT(A22,"aaa") | C22: 0.29166667 | D22: 0.54166667 | E22: =IFERROR(IF(D22-C22>TIME(9,0,0),TIME(1,0,0),IF(D22-C22>TIME(6,0,0),TIME(0,45,0),0)),0) | F22: =IFERROR(IF(OR(C22="",D22="",D22<=C22),0,D22-C22-E22),0) | G22: 0 | H22: =IFERROR(MIN(F22,MAX(0,SUMIFS(F$4:F22,K$4:K22,K22)-TIME(0,0,0)-40/24)),0) | I22: =IFERROR(IF(F22=0,0,MAX(0,MIN(D22,29/24)-MAX(C22,22/24))),0) | K22: =IFERROR(A22-WEEKDAY(A22,2)+1,"")
A23: 46042 | B23: =TEXT(A23,"aaa") | C23: 0.29166667 | D23: 0.54166667 | E23: =IFERROR(IF(D23-C23>TIME(9,0,0),TIME(1,0,0),IF(D23-C23>TIME(6,0,0),TIME(0,45,0),0)),0) | F23: =IFERROR(IF(OR(C23="",D23="",D23<=C23),0,D23-C23-E23),0) | G23: 0 | H23: =IFERROR(MIN(F23,MAX(0,SUMIFS(F$4:F23,K$4:K23,K23)-TIME(0,0,0)-40/24)),0) | I23: =IFERROR(IF(F23=0,0,MAX(0,MIN(D23,29/24)-MAX(C23,22/24))),0) | K23: =IFERROR(A23-WEEKDAY(A23,2)+1,"")
A24: 46043 | B24: =TEXT(A24,"aaa") | C24: 0.29166667 | D24: 0.54166667 | E24: =IFERROR(IF(D24-C24>TIME(9,0,0),TIME(1,0,0),IF(D24-C24>TIME(6,0,0),TIME(0,45,0),0)),0) | F24: =IFERROR(IF(OR(C24="",D24="",D24<=C24),0,D24-C24-E24),0) | G24: 0 | H24: =IFERROR(MIN(F24,MAX(0,SUMIFS(F$4:F24,K$4:K24,K24)-TIME(0,0,0)-40/24)),0) | I24: =IFERROR(IF(F24=0,0,MAX(0,MIN(D24,29/24)-MAX(C24,22/24))),0) | K24: =IFERROR(A24-WEEKDAY(A24,2)+1,"")
A25: 46044 | B25: =TEXT(A25,"aaa") | C25: 0.29166667 | D25: 0.54166667 | E25: =IFERROR(IF(D25-C25>TIME(9,0,0),TIME(1,0,0),IF(D25-C25>TIME(6,0,0),TIME(0,45,0),0)),0) | F25: =IFERROR(IF(OR(C25="",D25="",D25<=C25),0,D25-C25-E25),0) | G25: 0 | H25: =IFERROR(MIN(F25,MAX(0,SUMIFS(F$4:F25,K$4:K25,K25)-TIME(0,0,0)-40/24)),0) | I25: =IFERROR(IF(F25=0,0,MAX(0,MIN(D25,29/24)-MAX(C25,22/24))),0) | K25: =IFERROR(A25-WEEKDAY(A25,2)+1,"")
A26: 46045 | B26: =TEXT(A26,"aaa") | C26: 0.29166667 | D26: 0.54166667 | E26: =IFERROR(IF(D26-C26>TIME(9,0,0),TIME(1,0,0),IF(D26-C26>TIME(6,0,0),TIME(0,45,0),0)),0) | F26: =IFERROR(IF(OR(C26="",D26="",D26<=C26),0,D26-C26-E26),0) | G26: 0 | H26: =IFERROR(MIN(F26,MAX(0,SUMIFS(F$4:F26,K$4:K26,K26)-TIME(0,0,0)-40/24)),0) | I26: =IFERROR(IF(F26=0,0,MAX(0,MIN(D26,29/24)-MAX(C26,22/24))),0) | K26: =IFERROR(A26-WEEKDAY(A26,2)+1,"")
A27: 46046 | B27: =TEXT(A27,"aaa") | C27: 0.29166667 | D27: 0.54166667 | E27: =IFERROR(IF(D27-C27>TIME(9,0,0),TIME(1,0,0),IF(D27-C27>TIME(6,0,0),TIME(0,45,0),0)),0) | F27: =IFERROR(IF(OR(C27="",D27="",D27<=C27),0,D27-C27-E27),0) | G27: 0 | H27: =IFERROR(MIN(F27,MAX(0,SUMIFS(F$4:F27,K$4:K27,K27)-TIME(0,0,0)-40/24)),0) | I27: =IFERROR(IF(F27=0,0,MAX(0,MIN(D27,29/24)-MAX(C27,22/24))),0) | K27: =IFERROR(A27-WEEKDAY(A27,2)+1,"")
A28: 46047 | B28: =TEXT(A28,"aaa") | E28: =IFERROR(IF(D28-C28>TIME(9,0,0),TIME(1,0,0),IF(D28-C28>TIME(6,0,0),TIME(0,45,0),0)),0) | F28: =IFERROR(IF(OR(C28="",D28="",D28<=C28),0,D28-C28-E28),0) | G28: 0 | H28: =IFERROR(MIN(F28,MAX(0,SUMIFS(F$4:F28,K$4:K28,K28)-TIME(0,0,0)-40/24)),0) | I28: =IFERROR(IF(F28=0,0,MAX(0,MIN(D28,29/24)-MAX(C28,22/24))),0) | J28: 日曜 | K28: =IFERROR(A28-WEEKDAY(A28,2)+1,"")
A29: 46048 | B29: =TEXT(A29,"aaa") | C29: 0.29166667 | D29: 0.53472222 | E29: =IFERROR(IF(D29-C29>TIME(9,0,0),TIME(1,0,0),IF(D29-C29>TIME(6,0,0),TIME(0,45,0),0)),0) | F29: =IFERROR(IF(OR(C29="",D29="",D29<=C29),0,D29-C29-E29),0) | G29: 0 | H29: =IFERROR(MIN(F29,MAX(0,SUMIFS(F$4:F29,K$4:K29,K29)-TIME(0,0,0)-40/24)),0) | I29: =IFERROR(IF(F29=0,0,MAX(0,MIN(D29,29/24)-MAX(C29,22/24))),0) | K29: =IFERROR(A29-WEEKDAY(A29,2)+1,"")
A30: 46049 | B30: =TEXT(A30,"aaa") | C30: 0.29166667 | D30: 0.53472222 | E30: =IFERROR(IF(D30-C30>TIME(9,0,0),TIME(1,0,0),IF(D30-C30>TIME(6,0,0),TIME(0,45,0),0)),0) | F30: =IFERROR(IF(OR(C30="",D30="",D30<=C30),0,D30-C30-E30),0) | G30: 0 | H30: =IFERROR(MIN(F30,MAX(0,SUMIFS(F$4:F30,K$4:K30,K30)-TIME(0,0,0)-40/24)),0) | I30: =IFERROR(IF(F30=0,0,MAX(0,MIN(D30,29/24)-MAX(C30,22/24))),0) | K30: =IFERROR(A30-WEEKDAY(A30,2)+1,"")
A31: 46050 | B31: =TEXT(A31,"aaa") | C31: 0.29166667 | D31: 0.53472222 | E31: =IFERROR(IF(D31-C31>TIME(9,0,0),TIME(1,0,0),IF(D31-C31>TIME(6,0,0),TIME(0,45,0),0)),0) | F31: =IFERROR(IF(OR(C31="",D31="",D31<=C31),0,D31-C31-E31),0) | G31: 0 | H31: =IFERROR(MIN(F31,MAX(0,SUMIFS(F$4:F31,K$4:K31,K31)-TIME(0,0,0)-40/24)),0) | I31: =IFERROR(IF(F31=0,0,MAX(0,MIN(D31,29/24)-MAX(C31,22/24))),0) | K31: =IFERROR(A31-WEEKDAY(A31,2)+1,"")
A32: 46051 | B32: =TEXT(A32,"aaa") | C32: 0.29166667 | D32: 0.53472222 | E32: =IFERROR(IF(D32-C32>TIME(9,0,0),TIME(1,0,0),IF(D32-C32>TIME(6,0,0),TIME(0,45,0),0)),0) | F32: =IFERROR(IF(OR(C32="",D32="",D32<=C32),0,D32-C32-E32),0) | G32: 0 | H32: =IFERROR(MIN(F32,MAX(0,SUMIFS(F$4:F32,K$4:K32,K32)-TIME(0,0,0)-40/24)),0) | I32: =IFERROR(IF(F32=0,0,MAX(0,MIN(D32,29/24)-MAX(C32,22/24))),0) | K32: =IFERROR(A32-WEEKDAY(A32,2)+1,"")
A33: 46052 | B33: =TEXT(A33,"aaa") | C33: 0.29166667 | D33: 0.53472222 | E33: =IFERROR(IF(D33-C33>TIME(9,0,0),TIME(1,0,0),IF(D33-C33>TIME(6,0,0),TIME(0,45,0),0)),0) | F33: =IFERROR(IF(OR(C33="",D33="",D33<=C33),0,D33-C33-E33),0) | G33: 0 | H33: =IFERROR(MIN(F33,MAX(0,SUMIFS(F$4:F33,K$4:K33,K33)-TIME(0,0,0)-40/24)),0) | I33: =IFERROR(IF(F33=0,0,MAX(0,MIN(D33,29/24)-MAX(C33,22/24))),0) | K33: =IFERROR(A33-WEEKDAY(A33,2)+1,"")
A34: 46053 | B34: =TEXT(A34,"aaa") | C34: 0.29166667 | D34: 0.53472222 | E34: =IFERROR(IF(D34-C34>TIME(9,0,0),TIME(1,0,0),IF(D34-C34>TIME(6,0,0),TIME(0,45,0),0)),0) | F34: =IFERROR(IF(OR(C34="",D34="",D34<=C34),0,D34-C34-E34),0) | G34: 0 | H34: =IFERROR(MIN(F34,MAX(0,SUMIFS(F$4:F34,K$4:K34,K34)-TIME(0,0,0)-40/24)),0) | I34: =IFERROR(IF(F34=0,0,MAX(0,MIN(D34,29/24)-MAX(C34,22/24))),0) | K34: =IFERROR(A34-WEEKDAY(A34,2)+1,"")
A35: 合計 | B35: =COUNTIF(F4:F34,">0")&"日" | F35: =SUM(F4:F34) | G35: =SUM(G4:G34) | H35: =SUM(H4:H34) | I35: =SUM(I4:I34)

Sheet R8.2
A1: 出勤簿 R8.2 (2026年2月)
A2: ※ 緑色セル(始業・終業)を編集すると 休憩・労働時間・残業・深夜・合計が自動再計算されます
A3: 日付 | B3: 曜日 | C3: 始業 | D3: 終業 | E3: 休憩 | F3: 労働時間 | G3: 休日労働時間 | H3: 時間外労働時間 | I3: 深夜労働時間 | J3: 備考 | K3: 週開始(月)
A4: 46054 | B4: =TEXT(A4,"aaa") | E4: =IFERROR(IF(D4-C4>TIME(9,0,0),TIME(1,0,0),IF(D4-C4>TIME(6,0,0),TIME(0,45,0),0)),0) | F4: =IFERROR(IF(OR(C4="",D4="",D4<=C4),0,D4-C4-E4),0) | G4: 0 | H4: =IFERROR(MIN(F4,MAX(0,SUMIFS(F$4:F4,K$4:K4,K4)-TIME(0,0,0)-40/24)),0) | I4: =IFERROR(IF(F4=0,0,MAX(0,MIN(D4,29/24)-MAX(C4,22/24))),0) | J4: 日曜 | K4: =IFERROR(A4-WEEKDAY(A4,2)+1,"")
A5: 46055 | B5: =TEXT(A5,"aaa") | C5: 0.29166667 | D5: 0.42361111 | E5: =IFERROR(IF(D5-C5>TIME(9,0,0),TIME(1,0,0),IF(D5-C5>TIME(6,0,0),TIME(0,45,0),0)),0) | F5: =IFERROR(IF(OR(C5="",D5="",D5<=C5),0,D5-C5-E5),0) | G5: 0 | H5: =IFERROR(MIN(F5,MAX(0,SUMIFS(F$4:F5,K$4:K5,K5)-TIME(0,0,0)-40/24)),0) | I5: =IFERROR(IF(F5=0,0,MAX(0,MIN(D5,29/24)-MAX(C5,22/24))),0) | K5: =IFERROR(A5-WEEKDAY(A5,2)+1,"")
A6: 46056 | B6: =TEXT(A6,"aaa") | C6: 0.29166667 | D6: 0.42361111 | E6: =IFERROR(IF(D6-C6>TIME(9,0,0),TIME(1,0,0),IF(D6-C6>TIME(6,0,0),TIME(0,45,0),0)),0) | F6: =IFERROR(IF(OR(C6="",D6="",D6<=C6),0,D6-C6-E6),0) | G6: 0 | H6: =IFERROR(MIN(F6,MAX(0,SUMIFS(F$4:F6,K$4:K6,K6)-TIME(0,0,0)-40/24)),0) | I6: =IFERROR(IF(F6=0,0,MAX(0,MIN(D6,29/24)-MAX(C6,22/24))),0) | K6: =IFERROR(A6-WEEKDAY(A6,2)+1,"")
A7: 46057 | B7: =TEXT(A7,"aaa") | C7: 0.29166667 | D7: 0.42361111 | E7: =IFERROR(IF(D7-C7>TIME(9,0,0),TIME(1,0,0),IF(D7-C7>TIME(6,0,0),TIME(0,45,0),0)),0) | F7: =IFERROR(IF(OR(C7="",D7="",D7<=C7),0,D7-C7-E7),0) | G7: 0 | H7: =IFERROR(MIN(F7,MAX(0,SUMIFS(F$4:F7,K$4:K7,K7)-TIME(0,0,0)-40/24)),0) | I7: =IFERROR(IF(F7=0,0,MAX(0,MIN(D7,29/24)-MAX(C7,22/24))),0) | K7: =IFERROR(A7-WEEKDAY(A7,2)+1,"")
A8: 46058 | B8: =TEXT(A8,"aaa") | C8: 0.29166667 | D8: 0.42361111 | E8: =IFERROR(IF(D8-C8>TIME(9,0,0),TIME(1,0,0),IF(D8-C8>TIME(6,0,0),TIME(0,45,0),0)),0) | F8: =IFERROR(IF(OR(C8="",D8="",D8<=C8),0,D8-C8-E8),0) | G8: 0 | H8: =IFERROR(MIN(F8,MAX(0,SUMIFS(F$4:F8,K$4:K8,K8)-TIME(0,0,0)-40/24)),0) | I8: =IFERROR(IF(F8=0,0,MAX(0,MIN(D8,29/24)-MAX(C8,22/24))),0) | K8: =IFERROR(A8-WEEKDAY(A8,2)+1,"")
A9: 46059 | B9: =TEXT(A9,"aaa") | C9: 0.29166667 | D9: 0.42361111 | E9: =IFERROR(IF(D9-C9>TIME(9,0,0),TIME(1,0,0),IF(D9-C9>TIME(6,0,0),TIME(0,45,0),0)),0) | F9: =IFERROR(IF(OR(C9="",D9="",D9<=C9),0,D9-C9-E9),0) | G9: 0 | H9: =IFERROR(MIN(F9,MAX(0,SUMIFS(F$4:F9,K$4:K9,K9)-TIME(0,0,0)-40/24)),0) | I9: =IFERROR(IF(F9=0,0,MAX(0,MIN(D9,29/24)-MAX(C9,22/24))),0) | K9: =IFERROR(A9-WEEKDAY(A9,2)+1,"")
A10: 46060 | B10: =TEXT(A10,"aaa") | C10: 0.29166667 | D10: 0.42361111 | E10: =IFERROR(IF(D10-C10>TIME(9,0,0),TIME(1,0,0),IF(D10-C10>TIME(6,0,0),TIME(0,45,0),0)),0) | F10: =IFERROR(IF(OR(C10="",D10="",D10<=C10),0,D10-C10-E10),0) | G10: 0 | H10: =IFERROR(MIN(F10,MAX(0,SUMIFS(F$4:F10,K$4:K10,K10)-TIME(0,0,0)-40/24)),0) | I10: =IFERROR(IF(F10=0,0,MAX(0,MIN(D10,29/24)-MAX(C10,22/24))),0) | K10: =IFERROR(A10-WEEKDAY(A10,2)+1,"")
A11: 46061 | B11: =TEXT(A11,"aaa") | E11: =IFERROR(IF(D11-C11>TIME(9,0,0),TIME(1,0,0),IF(D11-C11>TIME(6,0,0),TIME(0,45,0),0)),0) | F11: =IFERROR(IF(OR(C11="",D11="",D11<=C11),0,D11-C11-E11),0) | G11: 0 | H11: =IFERROR(MIN(F11,MAX(0,SUMIFS(F$4:F11,K$4:K11,K11)-TIME(0,0,0)-40/24)),0) | I11: =IFERROR(IF(F11=0,0,MAX(0,MIN(D11,29/24)-MAX(C11,22/24))),0) | J11: 日曜 | K11: =IFERROR(A11-WEEKDAY(A11,2)+1,"")
A12: 46062 | B12: =TEXT(A12,"aaa") | C12: 0.29166667 | D12: 0.42361111 | E12: =IFERROR(IF(D12-C12>TIME(9,0,0),TIME(1,0,0),IF(D12-C12>TIME(6,0,0),TIME(0,45,0),0)),0) | F12: =IFERROR(IF(OR(C12="",D12="",D12<=C12),0,D12-C12-E12),0) | G12: 0 | H12: =IFERROR(MIN(F12,MAX(0,SUMIFS(F$4:F12,K$4:K12,K12)-TIME(0,0,0)-40/24)),0) | I12: =IFERROR(IF(F12=0,0,MAX(0,MIN(D12,29/24)-MAX(C12,22/24))),0) | K12: =IFERROR(A12-WEEKDAY(A12,2)+1,"")
A13: 46063 | B13: =TEXT(A13,"aaa") | C13: 0.29166667 | D13: 0.42361111 | E13: =IFERROR(IF(D13-C13>TIME(9,0,0),TIME(1,0,0),IF(D13-C13>TIME(6,0,0),TIME(0,45,0),0)),0) | F13: =IFERROR(IF(OR(C13="",D13="",D13<=C13),0,D13-C13-E13),0) | G13: 0 | H13: =IFERROR(MIN(F13,MAX(0,SUMIFS(F$4:F13,K$4:K13,K13)-TIME(0,0,0)-40/24)),0) | I13: =IFERROR(IF(F13=0,0,MAX(0,MIN(D13,29/24)-MAX(C13,22/24))),0) | K13: =IFERROR(A13-WEEKDAY(A13,2)+1,"")
A14: 46064 | B14: =TEXT(A14,"aaa") | C14: 0.29166667 | D14: 0.42361111 | E14: =IFERROR(IF(D14-C14>TIME(9,0,0),TIME(1,0,0),IF(D14-C14>TIME(6,0,0),TIME(0,45,0),0)),0) | F14: =IFERROR(IF(OR(C14="",D14="",D14<=C14),0,D14-C14-E14),0) | G14: 0 | H14: =IFERROR(MIN(F14,MAX(0,SUMIFS(F$4:F14,K$4:K14,K14)-TIME(0,0,0)-40/24)),0) | I14: =IFERROR(IF(F14=0,0,MAX(0,MIN(D14,29/24)-MAX(C14,22/24))),0) | K14: =IFERROR(A14-WEEKDAY(A14,2)+1,"")
A15: 46065 | B15: =TEXT(A15,"aaa") | C15: 0.29166667 | D15: 0.42361111 | E15: =IFERROR(IF(D15-C15>TIME(9,0,0),TIME(1,0,0),IF(D15-C15>TIME(6,0,0),TIME(0,45,0),0)),0) | F15: =IFERROR(IF(OR(C15="",D15="",D15<=C15),0,D15-C15-E15),0) | G15: 0 | H15: =IFERROR(MIN(F15,MAX(0,SUMIFS(F$4:F15,K$4:K15,K15)-TIME(0,0,0)-40/24)),0) | I15: =IFERROR(IF(F15=0,0,MAX(0,MIN(D15,29/24)-MAX(C15,22/24))),0) | K15: =IFERROR(A15-WEEKDAY(A15,2)+1,"")
A16: 46066 | B16: =TEXT(A16,"aaa") | C16: 0.29166667 | D16: 0.42361111 | E16: =IFERROR(IF(D16-C16>TIME(9,0,0),TIME(1,0,0),IF(D16-C16>TIME(6,0,0),TIME(0,45,0),0)),0) | F16: =IFERROR(IF(OR(C16="",D16="",D16<=C16),0,D16-C16-E16),0) | G16: 0 | H16: =IFERROR(MIN(F16,MAX(0,SUMIFS(F$4:F16,K$4:K16,K16)-TIME(0,0,0)-40/24)),0) | I16: =IFERROR(IF(F16=0,0,MAX(0,MIN(D16,29/24)-MAX(C16,22/24))),0) | K16: =IFERROR(A16-WEEKDAY(A16,2)+1,"")
A17: 46067 | B17: =TEXT(A17,"aaa") | C17: 0.29166667 | D17: 0.42361111 | E17: =IFERROR(IF(D17-C17>TIME(9,0,0),TIME(1,0,0),IF(D17-C17>TIME(6,0,0),TIME(0,45,0),0)),0) | F17: =IFERROR(IF(OR(C17="",D17="",D17<=C17),0,D17-C17-E17),0) | G17: 0 | H17: =IFERROR(MIN(F17,MAX(0,SUMIFS(F$4:F17,K$4:K17,K17)-TIME(0,0,0)-40/24)),0) | I17: =IFERROR(IF(F17=0,0,MAX(0,MIN(D17,29/24)-MAX(C17,22/24))),0) | K17: =IFERROR(A17-WEEKDAY(A17,2)+1,"")
A18: 46068 | B18: =TEXT(A18,"aaa") | E18: =IFERROR(IF(D18-C18>TIME(9,0,0),TIME(1,0,0),IF(D18-C18>TIME(6,0,0),TIME(0,45,0),0)),0) | F18: =IFERROR(IF(OR(C18="",D18="",D18<=C18),0,D18-C18-E18),0) | G18: 0 | H18: =IFERROR(MIN(F18,MAX(0,SUMIFS(F$4:F18,K$4:K18,K18)-TIME(0,0,0)-40/24)),0) | I18: =IFERROR(IF(F18=0,0,MAX(0,MIN(D18,29/24)-MAX(C18,22/24))),0) | J18: 日曜 | K18: =IFERROR(A18-WEEKDAY(A18,2)+1,"")
A19: 46069 | B19: =TEXT(A19,"aaa") | C19: 0.29166667 | D19: 0.68055556 | E19: =IFERROR(IF(D19-C19>TIME(9,0,0),TIME(1,0,0),IF(D19-C19>TIME(6,0,0),TIME(0,45,0),0)),0) | F19: =IFERROR(IF(OR(C19="",D19="",D19<=C19),0,D19-C19-E19),0) | G19: 0 | H19: =IFERROR(MIN(F19,MAX(0,SUMIFS(F$4:F19,K$4:K19,K19)-TIME(0,0,0)-40/24)),0) | I19: =IFERROR(IF(F19=0,0,MAX(0,MIN(D19,29/24)-MAX(C19,22/24))),0) | K19: =IFERROR(A19-WEEKDAY(A19,2)+1,"")
A20: 46070 | B20: =TEXT(A20,"aaa") | C20: 0.29166667 | D20: 0.68055556 | E20: =IFERROR(IF(D20-C20>TIME(9,0,0),TIME(1,0,0),IF(D20-C20>TIME(6,0,0),TIME(0,45,0),0)),0) | F20: =IFERROR(IF(OR(C20="",D20="",D20<=C20),0,D20-C20-E20),0) | G20: 0 | H20: =IFERROR(MIN(F20,MAX(0,SUMIFS(F$4:F20,K$4:K20,K20)-TIME(0,0,0)-40/24)),0) | I20: =IFERROR(IF(F20=0,0,MAX(0,MIN(D20,29/24)-MAX(C20,22/24))),0) | K20: =IFERROR(A20-WEEKDAY(A20,2)+1,"")
A21: 46071 | B21: =TEXT(A21,"aaa") | C21: 0.29166667 | D21: 0.68055556 | E21: =IFERROR(IF(D21-C21>TIME(9,0,0),TIME(1,0,0),IF(D21-C21>TIME(6,0,0),TIME(0,45,0),0)),0) | F21: =IFERROR(IF(OR(C21="",D21="",D21<=C21),0,D21-C21-E21),0) | G21: 0 | H21: =IFERROR(MIN(F21,MAX(0,SUMIFS(F$4:F21,K$4:K21,K21)-TIME(0,0,0)-40/24)),0) | I21: =IFERROR(IF(F21=0,0,MAX(0,MIN(D21,29/24)-MAX(C21,22/24))),0) | K21: =IFERROR(A21-WEEKDAY(A21,2)+1,"")
A22: 46072 | B22: =TEXT(A22,"aaa") | C22: 0.29166667 | D22: 0.68055556 | E22: =IFERROR(IF(D22-C22>TIME(9,0,0),TIME(1,0,0),IF(D22-C22>TIME(6,0,0),TIME(0,45,0),0)),0) | F22: =IFERROR(IF(OR(C22="",D22="",D22<=C22),0,D22-C22-E22),0) | G22: 0 | H22: =IFERROR(MIN(F22,MAX(0,SUMIFS(F$4:F22,K$4:K22,K22)-TIME(0,0,0)-40/24)),0) | I22: =IFERROR(IF(F22=0,0,MAX(0,MIN(D22,29/24)-MAX(C22,22/24))),0) | K22: =IFERROR(A22-WEEKDAY(A22,2)+1,"")
A23: 46073 | B23: =TEXT(A23,"aaa") | C23: 0.29166667 | D23: 0.68055556 | E23: =IFERROR(IF(D23-C23>TIME(9,0,0),TIME(1,0,0),IF(D23-C23>TIME(6,0,0),TIME(0,45,0),0)),0) | F23: =IFERROR(IF(OR(C23="",D23="",D23<=C23),0,D23-C23-E23),0) | G23: 0 | H23: =IFERROR(MIN(F23,MAX(0,SUMIFS(F$4:F23,K$4:K23,K23)-TIME(0,0,0)-40/24)),0) | I23: =IFERROR(IF(F23=0,0,MAX(0,MIN(D23,29/24)-MAX(C23,22/24))),0) | K23: =IFERROR(A23-WEEKDAY(A23,2)+1,"")
A24: 46074 | B24: =TEXT(A24,"aaa") | C24: 0.29166667 | D24: 0.68055556 | E24: =IFERROR(IF(D24-C24>TIME(9,0,0),TIME(1,0,0),IF(D24-C24>TIME(6,0,0),TIME(0,45,0),0)),0) | F24: =IFERROR(IF(OR(C24="",D24="",D24<=C24),0,D24-C24-E24),0) | G24: 0 | H24: =IFERROR(MIN(F24,MAX(0,SUMIFS(F$4:F24,K$4:K24,K24)-TIME(0,0,0)-40/24)),0) | I24: =IFERROR(IF(F24=0,0,MAX(0,MIN(D24,29/24)-MAX(C24,22/24))),0) | K24: =IFERROR(A24-WEEKDAY(A24,2)+1,"")
A25: 46075 | B25: =TEXT(A25,"aaa") | E25: =IFERROR(IF(D25-C25>TIME(9,0,0),TIME(1,0,0),IF(D25-C25>TIME(6,0,0),TIME(0,45,0),0)),0) | F25: =IFERROR(IF(OR(C25="",D25="",D25<=C25),0,D25-C25-E25),0) | G25: 0 | H25: =IFERROR(MIN(F25,MAX(0,SUMIFS(F$4:F25,K$4:K25,K25)-TIME(0,0,0)-40/24)),0) | I25: =IFERROR(IF(F25=0,0,MAX(0,MIN(D25,29/24)-MAX(C25,22/24))),0) | J25: 日曜 | K25: =IFERROR(A25-WEEKDAY(A25,2)+1,"")
A26: 46076 | B26: =TEXT(A26,"aaa") | C26: 0.29166667 | D26: 1 | E26: =IFERROR(IF(D26-C26>TIME(9,0,0),TIME(1,0,0),IF(D26-C26>TIME(6,0,0),TIME(0,45,0),0)),0) | F26: =IFERROR(IF(OR(C26="",D26="",D26<=C26),0,D26-C26-E26),0) | G26: 0 | H26: =IFERROR(MIN(F26,MAX(0,SUMIFS(F$4:F26,K$4:K26,K26)-TIME(0,0,0)-40/24)),0) | I26: =IFERROR(IF(F26=0,0,MAX(0,MIN(D26,29/24)-MAX(C26,22/24))),0) | K26: =IFERROR(A26-WEEKDAY(A26,2)+1,"")
A27: 46077 | B27: =TEXT(A27,"aaa") | C27: 0.29166667 | D27: 0.79166667 | E27: =IFERROR(IF(D27-C27>TIME(9,0,0),TIME(1,0,0),IF(D27-C27>TIME(6,0,0),TIME(0,45,0),0)),0) | F27: =IFERROR(IF(OR(C27="",D27="",D27<=C27),0,D27-C27-E27),0) | G27: 0 | H27: =IFERROR(MIN(F27,MAX(0,SUMIFS(F$4:F27,K$4:K27,K27)-TIME(0,0,0)-40/24)),0) | I27: =IFERROR(IF(F27=0,0,MAX(0,MIN(D27,29/24)-MAX(C27,22/24))),0) | K27: =IFERROR(A27-WEEKDAY(A27,2)+1,"")
A28: 46078 | B28: =TEXT(A28,"aaa") | C28: 0.29166667 | D28: 0.79166667 | E28: =IFERROR(IF(D28-C28>TIME(9,0,0),TIME(1,0,0),IF(D28-C28>TIME(6,0,0),TIME(0,45,0),0)),0) | F28: =IFERROR(IF(OR(C28="",D28="",D28<=C28),0,D28-C28-E28),0) | G28: 0 | H28: =IFERROR(MIN(F28,MAX(0,SUMIFS(F$4:F28,K$4:K28,K28)-TIME(0,0,0)-40/24)),0) | I28: =IFERROR(IF(F28=0,0,MAX(0,MIN(D28,29/24)-MAX(C28,22/24))),0) | K28: =IFERROR(A28-WEEKDAY(A28,2)+1,"")
A29: 46079 | B29: =TEXT(A29,"aaa") | C29: 0.29166667 | D29: 0.79166667 | E29: =IFERROR(IF(D29-C29>TIME(9,0,0),TIME(1,0,0),IF(D29-C29>TIME(6,0,0),TIME(0,45,0),0)),0) | F29: =IFERROR(IF(OR(C29="",D29="",D29<=C29),0,D29-C29-E29),0) | G29: 0 | H29: =IFERROR(MIN(F29,MAX(0,SUMIFS(F$4:F29,K$4:K29,K29)-TIME(0,0,0)-40/24)),0) | I29: =IFERROR(IF(F29=0,0,MAX(0,MIN(D29,29/24)-MAX(C29,22/24))),0) | K29: =IFERROR(A29-WEEKDAY(A29,2)+1,"")
A30: 46080 | B30: =TEXT(A30,"aaa") | C30: 0.29166667 | D30: 0.79166667 | E30: =IFERROR(IF(D30-C30>TIME(9,0,0),TIME(1,0,0),IF(D30-C30>TIME(6,0,0),TIME(0,45,0),0)),0) | F30: =IFERROR(IF(OR(C30="",D30="",D30<=C30),0,D30-C30-E30),0) | G30: 0 | H30: =IFERROR(MIN(F30,MAX(0,SUMIFS(F$4:F30,K$4:K30,K30)-TIME(0,0,0)-40/24)),0) | I30: =IFERROR(IF(F30=0,0,MAX(0,MIN(D30,29/24)-MAX(C30,22/24))),0) | K30: =IFERROR(A30-WEEKDAY(A30,2)+1,"")
A31: 46081 | B31: =TEXT(A31,"aaa") | C31: 0.29166667 | D31: 0.83333333 | E31: =IFERROR(IF(D31-C31>TIME(9,0,0),TIME(1,0,0),IF(D31-C31>TIME(6,0,0),TIME(0,45,0),0)),0) | F31: =IFERROR(IF(OR(C31="",D31="",D31<=C31),0,D31-C31-E31),0) | G31: 0 | H31: =IFERROR(MIN(F31,MAX(0,SUMIFS(F$4:F31,K$4:K31,K31)-TIME(0,0,0)-40/24)),0) | I31: =IFERROR(IF(F31=0,0,MAX(0,MIN(D31,29/24)-MAX(C31,22/24))),0) | K31: =IFERROR(A31-WEEKDAY(A31,2)+1,"")
A32: 合計 | B32: =COUNTIF(F4:F31,">0")&"日" | F32: =SUM(F4:F31) | G32: =SUM(G4:G31) | H32: =SUM(H4:H31) | I32: =SUM(I4:I31)

Sheet R8.3
A1: 出勤簿 R8.3 (2026年3月)
A2: ※ 緑色セル(始業・終業)を編集すると 休憩・労働時間・残業・深夜・合計が自動再計算されます
A3: 日付 | B3: 曜日 | C3: 始業 | D3: 終業 | E3: 休憩 | F3: 労働時間 | G3: 休日労働時間 | H3: 時間外労働時間 | I3: 深夜労働時間 | J3: 備考 | K3: 週開始(月)
A4: 46082 | B4: =TEXT(A4,"aaa") | E4: =IFERROR(IF(D4-C4>TIME(9,0,0),TIME(1,0,0),IF(D4-C4>TIME(6,0,0),TIME(0,45,0),0)),0) | F4: =IFERROR(IF(OR(C4="",D4="",D4<=C4),0,D4-C4-E4),0) | G4: 0 | H4: =IFERROR(MIN(F4,MAX(0,SUMIFS(F$4:F4,K$4:K4,K4)-TIME(0,0,0)-40/24)),0) | I4: =IFERROR(IF(F4=0,0,MAX(0,MIN(D4,29/24)-MAX(C4,22/24))),0) | J4: 日曜 | K4: =IFERROR(A4-WEEKDAY(A4,2)+1,"")
A5: 46083 | B5: =TEXT(A5,"aaa") | C5: 0.29166667 | D5: 0.79166667 | E5: =IFERROR(IF(D5-C5>TIME(9,0,0),TIME(1,0,0),IF(D5-C5>TIME(6,0,0),TIME(0,45,0),0)),0) | F5: =IFERROR(IF(OR(C5="",D5="",D5<=C5),0,D5-C5-E5),0) | G5: 0 | H5: =IFERROR(MIN(F5,MAX(0,SUMIFS(F$4:F5,K$4:K5,K5)-TIME(0,0,0)-40/24)),0) | I5: =IFERROR(IF(F5=0,0,MAX(0,MIN(D5,29/24)-MAX(C5,22/24))),0) | K5: =IFERROR(A5-WEEKDAY(A5,2)+1,"")
A6: 46084 | B6: =TEXT(A6,"aaa") | C6: 0.29166667 | D6: 0.79166667 | E6: =IFERROR(IF(D6-C6>TIME(9,0,0),TIME(1,0,0),IF(D6-C6>TIME(6,0,0),TIME(0,45,0),0)),0) | F6: =IFERROR(IF(OR(C6="",D6="",D6<=C6),0,D6-C6-E6),0) | G6: 0 | H6: =IFERROR(MIN(F6,MAX(0,SUMIFS(F$4:F6,K$4:K6,K6)-TIME(0,0,0)-40/24)),0) | I6: =IFERROR(IF(F6=0,0,MAX(0,MIN(D6,29/24)-MAX(C6,22/24))),0) | K6: =IFERROR(A6-WEEKDAY(A6,2)+1,"")
A7: 46085 | B7: =TEXT(A7,"aaa") | C7: 0.29166667 | D7: 0.79166667 | E7: =IFERROR(IF(D7-C7>TIME(9,0,0),TIME(1,0,0),IF(D7-C7>TIME(6,0,0),TIME(0,45,0),0)),0) | F7: =IFERROR(IF(OR(C7="",D7="",D7<=C7),0,D7-C7-E7),0) | G7: 0 | H7: =IFERROR(MIN(F7,MAX(0,SUMIFS(F$4:F7,K$4:K7,K7)-TIME(0,0,0)-40/24)),0) | I7: =IFERROR(IF(F7=0,0,MAX(0,MIN(D7,29/24)-MAX(C7,22/24))),0) | K7: =IFERROR(A7-WEEKDAY(A7,2)+1,"")
A8: 46086 | B8: =TEXT(A8,"aaa") | C8: 0.29166667 | D8: 0.79166667 | E8: =IFERROR(IF(D8-C8>TIME(9,0,0),TIME(1,0,0),IF(D8-C8>TIME(6,0,0),TIME(0,45,0),0)),0) | F8: =IFERROR(IF(OR(C8="",D8="",D8<=C8),0,D8-C8-E8),0) | G8: 0 | H8: =IFERROR(MIN(F8,MAX(0,SUMIFS(F$4:F8,K$4:K8,K8)-TIME(0,0,0)-40/24)),0) | I8: =IFERROR(IF(F8=0,0,MAX(0,MIN(D8,29/24)-MAX(C8,22/24))),0) | K8: =IFERROR(A8-WEEKDAY(A8,2)+1,"")
A9: 46087 | B9: =TEXT(A9,"aaa") | C9: 0.29166667 | D9: 0.79166667 | E9: =IFERROR(IF(D9-C9>TIME(9,0,0),TIME(1,0,0),IF(D9-C9>TIME(6,0,0),TIME(0,45,0),0)),0) | F9: =IFERROR(IF(OR(C9="",D9="",D9<=C9),0,D9-C9-E9),0) | G9: 0 | H9: =IFERROR(MIN(F9,MAX(0,SUMIFS(F$4:F9,K$4:K9,K9)-TIME(0,0,0)-40/24)),0) | I9: =IFERROR(IF(F9=0,0,MAX(0,MIN(D9,29/24)-MAX(C9,22/24))),0) | K9: =IFERROR(A9-WEEKDAY(A9,2)+1,"")
A10: 46088 | B10: =TEXT(A10,"aaa") | C10: 0.29166667 | D10: 0.79166667 | E10: =IFERROR(IF(D10-C10>TIME(9,0,0),TIME(1,0,0),IF(D10-C10>TIME(6,0,0),TIME(0,45,0),0)),0) | F10: =IFERROR(IF(OR(C10="",D10="",D10<=C10),0,D10-C10-E10),0) | G10: 0 | H10: =IFERROR(MIN(F10,MAX(0,SUMIFS(F$4:F10,K$4:K10,K10)-TIME(0,0,0)-40/24)),0) | I10: =IFERROR(IF(F10=0,0,MAX(0,MIN(D10,29/24)-MAX(C10,22/24))),0) | K10: =IFERROR(A10-WEEKDAY(A10,2)+1,"")
A11: 46089 | B11: =TEXT(A11,"aaa") | E11: =IFERROR(IF(D11-C11>TIME(9,0,0),TIME(1,0,0),IF(D11-C11>TIME(6,0,0),TIME(0,45,0),0)),0) | F11: =IFERROR(IF(OR(C11="",D11="",D11<=C11),0,D11-C11-E11),0) | G11: 0 | H11: =IFERROR(MIN(F11,MAX(0,SUMIFS(F$4:F11,K$4:K11,K11)-TIME(0,0,0)-40/24)),0) | I11: =IFERROR(IF(F11=0,0,MAX(0,MIN(D11,29/24)-MAX(C11,22/24))),0) | J11: 日曜 | K11: =IFERROR(A11-WEEKDAY(A11,2)+1,"")
A12: 46090 | B12: =TEXT(A12,"aaa") | C12: 0.29166667 | D12: 0.45833333 | E12: =IFERROR(IF(D12-C12>TIME(9,0,0),TIME(1,0,0),IF(D12-C12>TIME(6,0,0),TIME(0,45,0),0)),0) | F12: =IFERROR(IF(OR(C12="",D12="",D12<=C12),0,D12-C12-E12),0) | G12: 0 | H12: =IFERROR(MIN(F12,MAX(0,SUMIFS(F$4:F12,K$4:K12,K12)-TIME(0,0,0)-40/24)),0) | I12: =IFERROR(IF(F12=0,0,MAX(0,MIN(D12,29/24)-MAX(C12,22/24))),0) | K12: =IFERROR(A12-WEEKDAY(A12,2)+1,"")
A13: 46091 | B13: =TEXT(A13,"aaa") | C13: 0.29166667 | D13: 0.45833333 | E13: =IFERROR(IF(D13-C13>TIME(9,0,0),TIME(1,0,0),IF(D13-C13>TIME(6,0,0),TIME(0,45,0),0)),0) | F13: =IFERROR(IF(OR(C13="",D13="",D13<=C13),0,D13-C13-E13),0) | G13: 0 | H13: =IFERROR(MIN(F13,MAX(0,SUMIFS(F$4:F13,K$4:K13,K13)-TIME(0,0,0)-40/24)),0) | I13: =IFERROR(IF(F13=0,0,MAX(0,MIN(D13,29/24)-MAX(C13,22/24))),0) | K13: =IFERROR(A13-WEEKDAY(A13,2)+1,"")
A14: 46092 | B14: =TEXT(A14,"aaa") | C14: 0.29166667 | D14: 0.45833333 | E14: =IFERROR(IF(D14-C14>TIME(9,0,0),TIME(1,0,0),IF(D14-C14>TIME(6,0,0),TIME(0,45,0),0)),0) | F14: =IFERROR(IF(OR(C14="",D14="",D14<=C14),0,D14-C14-E14),0) | G14: 0 | H14: =IFERROR(MIN(F14,MAX(0,SUMIFS(F$4:F14,K$4:K14,K14)-TIME(0,0,0)-40/24)),0) | I14: =IFERROR(IF(F14=0,0,MAX(0,MIN(D14,29/24)-MAX(C14,22/24))),0) | K14: =IFERROR(A14-WEEKDAY(A14,2)+1,"")
A15: 46093 | B15: =TEXT(A15,"aaa") | C15: 0.29166667 | D15: 0.45833333 | E15: =IFERROR(IF(D15-C15>TIME(9,0,0),TIME(1,0,0),IF(D15-C15>TIME(6,0,0),TIME(0,45,0),0)),0) | F15: =IFERROR(IF(OR(C15="",D15="",D15<=C15),0,D15-C15-E15),0) | G15: 0 | H15: =IFERROR(MIN(F15,MAX(0,SUMIFS(F$4:F15,K$4:K15,K15)-TIME(0,0,0)-40/24)),0) | I15: =IFERROR(IF(F15=0,0,MAX(0,MIN(D15,29/24)-MAX(C15,22/24))),0) | K15: =IFERROR(A15-WEEKDAY(A15,2)+1,"")
A16: 46094 | B16: =TEXT(A16,"aaa") | C16: 0.29166667 | D16: 0.45833333 | E16: =IFERROR(IF(D16-C16>TIME(9,0,0),TIME(1,0,0),IF(D16-C16>TIME(6,0,0),TIME(0,45,0),0)),0) | F16: =IFERROR(IF(OR(C16="",D16="",D16<=C16),0,D16-C16-E16),0) | G16: 0 | H16: =IFERROR(MIN(F16,MAX(0,SUMIFS(F$4:F16,K$4:K16,K16)-TIME(0,0,0)-40/24)),0) | I16: =IFERROR(IF(F16=0,0,MAX(0,MIN(D16,29/24)-MAX(C16,22/24))),0) | K16: =IFERROR(A16-WEEKDAY(A16,2)+1,"")
A17: 46095 | B17: =TEXT(A17,"aaa") | C17: 0.29166667 | D17: 0.45833333 | E17: =IFERROR(IF(D17-C17>TIME(9,0,0),TIME(1,0,0),IF(D17-C17>TIME(6,0,0),TIME(0,45,0),0)),0) | F17: =IFERROR(IF(OR(C17="",D17="",D17<=C17),0,D17-C17-E17),0) | G17: 0 | H17: =IFERROR(MIN(F17,MAX(0,SUMIFS(F$4:F17,K$4:K17,K17)-TIME(0,0,0)-40/24)),0) | I17: =IFERROR(IF(F17=0,0,MAX(0,MIN(D17,29/24)-MAX(C17,22/24))),0) | K17: =IFERROR(A17-WEEKDAY(A17,2)+1,"")
A18: 46096 | B18: =TEXT(A18,"aaa") | E18: =IFERROR(IF(D18-C18>TIME(9,0,0),TIME(1,0,0),IF(D18-C18>TIME(6,0,0),TIME(0,45,0),0)),0) | F18: =IFERROR(IF(OR(C18="",D18="",D18<=C18),0,D18-C18-E18),0) | G18: 0 | H18: =IFERROR(MIN(F18,MAX(0,SUMIFS(F$4:F18,K$4:K18,K18)-TIME(0,0,0)-40/24)),0) | I18: =IFERROR(IF(F18=0,0,MAX(0,MIN(D18,29/24)-MAX(C18,22/24))),0) | J18: 日曜 | K18: =IFERROR(A18-WEEKDAY(A18,2)+1,"")
A19: 46097 | B19: =TEXT(A19,"aaa") | C19: 0.29166667 | D19: 0.83333333 | E19: =IFERROR(IF(D19-C19>TIME(9,0,0),TIME(1,0,0),IF(D19-C19>TIME(6,0,0),TIME(0,45,0),0)),0) | F19: =IFERROR(IF(OR(C19="",D19="",D19<=C19),0,D19-C19-E19),0) | G19: 0 | H19: =IFERROR(MIN(F19,MAX(0,SUMIFS(F$4:F19,K$4:K19,K19)-TIME(0,0,0)-40/24)),0) | I19: =IFERROR(IF(F19=0,0,MAX(0,MIN(D19,29/24)-MAX(C19,22/24))),0) | K19: =IFERROR(A19-WEEKDAY(A19,2)+1,"")
A20: 46098 | B20: =TEXT(A20,"aaa") | C20: 0.29166667 | D20: 0.83333333 | E20: =IFERROR(IF(D20-C20>TIME(9,0,0),TIME(1,0,0),IF(D20-C20>TIME(6,0,0),TIME(0,45,0),0)),0) | F20: =IFERROR(IF(OR(C20="",D20="",D20<=C20),0,D20-C20-E20),0) | G20: 0 | H20: =IFERROR(MIN(F20,MAX(0,SUMIFS(F$4:F20,K$4:K20,K20)-TIME(0,0,0)-40/24)),0) | I20: =IFERROR(IF(F20=0,0,MAX(0,MIN(D20,29/24)-MAX(C20,22/24))),0) | K20: =IFERROR(A20-WEEKDAY(A20,2)+1,"")
A21: 46099 | B21: =TEXT(A21,"aaa") | C21: 0.29166667 | D21: 0.83333333 | E21: =IFERROR(IF(D21-C21>TIME(9,0,0),TIME(1,0,0),IF(D21-C21>TIME(6,0,0),TIME(0,45,0),0)),0) | F21: =IFERROR(IF(OR(C21="",D21="",D21<=C21),0,D21-C21-E21),0) | G21: 0 | H21: =IFERROR(MIN(F21,MAX(0,SUMIFS(F$4:F21,K$4:K21,K21)-TIME(0,0,0)-40/24)),0) | I21: =IFERROR(IF(F21=0,0,MAX(0,MIN(D21,29/24)-MAX(C21,22/24))),0) | K21: =IFERROR(A21-WEEKDAY(A21,2)+1,"")
A22: 46100 | B22: =TEXT(A22,"aaa") | C22: 0.29166667 | D22: 0.83333333 | E22: =IFERROR(IF(D22-C22>TIME(9,0,0),TIME(1,0,0),IF(D22-C22>TIME(6,0,0),TIME(0,45,0),0)),0) | F22: =IFERROR(IF(OR(C22="",D22="",D22<=C22),0,D22-C22-E22),0) | G22: 0 | H22: =IFERROR(MIN(F22,MAX(0,SUMIFS(F$4:F22,K$4:K22,K22)-TIME(0,0,0)-40/24)),0) | I22: =IFERROR(IF(F22=0,0,MAX(0,MIN(D22,29/24)-MAX(C22,22/24))),0) | K22: =IFERROR(A22-WEEKDAY(A22,2)+1,"")
A23: 46101 | B23: =TEXT(A23,"aaa") | E23: =IFERROR(IF(D23-C23>TIME(9,0,0),TIME(1,0,0),IF(D23-C23>TIME(6,0,0),TIME(0,45,0),0)),0) | F23: =IFERROR(IF(OR(C23="",D23="",D23<=C23),0,D23-C23-E23),0) | G23: 0 | H23: =IFERROR(MIN(F23,MAX(0,SUMIFS(F$4:F23,K$4:K23,K23)-TIME(0,0,0)-40/24)),0) | I23: =IFERROR(IF(F23=0,0,MAX(0,MIN(D23,29/24)-MAX(C23,22/24))),0) | J23: 春分の日 | K23: =IFERROR(A23-WEEKDAY(A23,2)+1,"")
A24: 46102 | B24: =TEXT(A24,"aaa") | C24: 0.29166667 | D24: 0.83333333 | E24: =IFERROR(IF(D24-C24>TIME(9,0,0),TIME(1,0,0),IF(D24-C24>TIME(6,0,0),TIME(0,45,0),0)),0) | F24: =IFERROR(IF(OR(C24="",D24="",D24<=C24),0,D24-C24-E24),0) | G24: 0 | H24: =IFERROR(MIN(F24,MAX(0,SUMIFS(F$4:F24,K$4:K24,K24)-TIME(0,0,0)-40/24)),0) | I24: =IFERROR(IF(F24=0,0,MAX(0,MIN(D24,29/24)-MAX(C24,22/24))),0) | K24: =IFERROR(A24-WEEKDAY(A24,2)+1,"")
A25: 46103 | B25: =TEXT(A25,"aaa") | E25: =IFERROR(IF(D25-C25>TIME(9,0,0),TIME(1,0,0),IF(D25-C25>TIME(6,0,0),TIME(0,45,0),0)),0) | F25: =IFERROR(IF(OR(C25="",D25="",D25<=C25),0,D25-C25-E25),0) | G25: 0 | H25: =IFERROR(MIN(F25,MAX(0,SUMIFS(F$4:F25,K$4:K25,K25)-TIME(0,0,0)-40/24)),0) | I25: =IFERROR(IF(F25=0,0,MAX(0,MIN(D25,29/24)-MAX(C25,22/24))),0) | J25: 日曜 | K25: =IFERROR(A25-WEEKDAY(A25,2)+1,"")
A26: 46104 | B26: =TEXT(A26,"aaa") | C26: 0.29166667 | D26: 0.41666667 | E26: =IFERROR(IF(D26-C26>TIME(9,0,0),TIME(1,0,0),IF(D26-C26>TIME(6,0,0),TIME(0,45,0),0)),0) | F26: =IFERROR(IF(OR(C26="",D26="",D26<=C26),0,D26-C26-E26),0) | G26: 0 | H26: =IFERROR(MIN(F26,MAX(0,SUMIFS(F$4:F26,K$4:K26,K26)-TIME(0,0,0)-40/24)),0) | I26: =IFERROR(IF(F26=0,0,MAX(0,MIN(D26,29/24)-MAX(C26,22/24))),0) | K26: =IFERROR(A26-WEEKDAY(A26,2)+1,"")
A27: 46105 | B27: =TEXT(A27,"aaa") | C27: 0.29166667 | D27: 0.41666667 | E27: =IFERROR(IF(D27-C27>TIME(9,0,0),TIME(1,0,0),IF(D27-C27>TIME(6,0,0),TIME(0,45,0),0)),0) | F27: =IFERROR(IF(OR(C27="",D27="",D27<=C27),0,D27-C27-E27),0) | G27: 0 | H27: =IFERROR(MIN(F27,MAX(0,SUMIFS(F$4:F27,K$4:K27,K27)-TIME(0,0,0)-40/24)),0) | I27: =IFERROR(IF(F27=0,0,MAX(0,MIN(D27,29/24)-MAX(C27,22/24))),0) | K27: =IFERROR(A27-WEEKDAY(A27,2)+1,"")
A28: 46106 | B28: =TEXT(A28,"aaa") | C28: 0.29166667 | D28: 0.41666667 | E28: =IFERROR(IF(D28-C28>TIME(9,0,0),TIME(1,0,0),IF(D28-C28>TIME(6,0,0),TIME(0,45,0),0)),0) | F28: =IFERROR(IF(OR(C28="",D28="",D28<=C28),0,D28-C28-E28),0) | G28: 0 | H28: =IFERROR(MIN(F28,MAX(0,SUMIFS(F$4:F28,K$4:K28,K28)-TIME(0,0,0)-40/24)),0) | I28: =IFERROR(IF(F28=0,0,MAX(0,MIN(D28,29/24)-MAX(C28,22/24))),0) | K28: =IFERROR(A28-WEEKDAY(A28,2)+1,"")
A29: 46107 | B29: =TEXT(A29,"aaa") | C29: 0.29166667 | D29: 0.41666667 | E29: =IFERROR(IF(D29-C29>TIME(9,0,0),TIME(1,0,0),IF(D29-C29>TIME(6,0,0),TIME(0,45,0),0)),0) | F29: =IFERROR(IF(OR(C29="",D29="",D29<=C29),0,D29-C29-E29),0) | G29: 0 | H29: =IFERROR(MIN(F29,MAX(0,SUMIFS(F$4:F29,K$4:K29,K29)-TIME(0,0,0)-40/24)),0) | I29: =IFERROR(IF(F29=0,0,MAX(0,MIN(D29,29/24)-MAX(C29,22/24))),0) | K29: =IFERROR(A29-WEEKDAY(A29,2)+1,"")
A30: 46108 | B30: =TEXT(A30,"aaa") | C30: 0.29166667 | D30: 0.41666667 | E30: =IFERROR(IF(D30-C30>TIME(9,0,0),TIME(1,0,0),IF(D30-C30>TIME(6,0,0),TIME(0,45,0),0)),0) | F30: =IFERROR(IF(OR(C30="",D30="",D30<=C30),0,D30-C30-E30),0) | G30: 0 | H30: =IFERROR(MIN(F30,MAX(0,SUMIFS(F$4:F30,K$4:K30,K30)-TIME(0,0,0)-40/24)),0) | I30: =IFERROR(IF(F30=0,0,MAX(0,MIN(D30,29/24)-MAX(C30,22/24))),0) | K30: =IFERROR(A30-WEEKDAY(A30,2)+1,"")
A31: 46109 | B31: =TEXT(A31,"aaa") | C31: 0.29166667 | D31: 0.41666667 | E31: =IFERROR(IF(D31-C31>TIME(9,0,0),TIME(1,0,0),IF(D31-C31>TIME(6,0,0),TIME(0,45,0),0)),0) | F31: =IFERROR(IF(OR(C31="",D31="",D31<=C31),0,D31-C31-E31),0) | G31: 0 | H31: =IFERROR(MIN(F31,MAX(0,SUMIFS(F$4:F31,K$4:K31,K31)-TIME(0,0,0)-40/24)),0) | I31: =IFERROR(IF(F31=0,0,MAX(0,MIN(D31,29/24)-MAX(C31,22/24))),0) | K31: =IFERROR(A31-WEEKDAY(A31,2)+1,"")
A32: 46110 | B32: =TEXT(A32,"aaa") | E32: =IFERROR(IF(D32-C32>TIME(9,0,0),TIME(1,0,0),IF(D32-C32>TIME(6,0,0),TIME(0,45,0),0)),0) | F32: =IFERROR(IF(OR(C32="",D32="",D32<=C32),0,D32-C32-E32),0) | G32: 0 | H32: =IFERROR(MIN(F32,MAX(0,SUMIFS(F$4:F32,K$4:K32,K32)-TIME(0,0,0)-40/24)),0) | I32: =IFERROR(IF(F32=0,0,MAX(0,MIN(D32,29/24)-MAX(C32,22/24))),0) | J32: 日曜 | K32: =IFERROR(A32-WEEKDAY(A32,2)+1,"")
A33: 46111 | B33: =TEXT(A33,"aaa") | C33: 0.29166667 | D33: 0.44791667 | E33: =IFERROR(IF(D33-C33>TIME(9,0,0),TIME(1,0,0),IF(D33-C33>TIME(6,0,0),TIME(0,45,0),0)),0) | F33: =IFERROR(IF(OR(C33="",D33="",D33<=C33),0,D33-C33-E33),0) | G33: 0 | H33: =IFERROR(MIN(F33,MAX(0,SUMIFS(F$4:F33,K$4:K33,K33)-TIME(0,0,0)-40/24)),0) | I33: =IFERROR(IF(F33=0,0,MAX(0,MIN(D33,29/24)-MAX(C33,22/24))),0) | K33: =IFERROR(A33-WEEKDAY(A33,2)+1,"")
A34: 46112 | B34: =TEXT(A34,"aaa") | C34: 0.29166667 | D34: 0.44791667 | E34: =IFERROR(IF(D34-C34>TIME(9,0,0),TIME(1,0,0),IF(D34-C34>TIME(6,0,0),TIME(0,45,0),0)),0) | F34: =IFERROR(IF(OR(C34="",D34="",D34<=C34),0,D34-C34-E34),0) | G34: 0 | H34: =IFERROR(MIN(F34,MAX(0,SUMIFS(F$4:F34,K$4:K34,K34)-TIME(0,0,0)-40/24)),0) | I34: =IFERROR(IF(F34=0,0,MAX(0,MIN(D34,29/24)-MAX(C34,22/24))),0) | K34: =IFERROR(A34-WEEKDAY(A34,2)+1,"")
A35: 合計 | B35: =COUNTIF(F4:F34,">0")&"日" | F35: =SUM(F4:F34) | G35: =SUM(G4:G34) | H35: =SUM(H4:H34) | I35: =SUM(I4:I34)
